rank	word
1	time
2	person
3	year
4	way
5	day
6	man
7	child
8	world
9	life
10	hand
11	part
12	place
13	case
14	week
15	company
16	system
17	program
18	question
19	work
20	government
21	number
22	night
23	point
24	home
25	water
26	room
27	mother
28	area
29	money
30	story
31	fact
32	month
33	lot
34	right
35	study
36	book
37	eye
38	job
39	word
40	business
41	issue
42	side
43	kind
44	head
45	house
46	service
47	friend
48	father
49	power
50	hour
51	game
52	line
53	end
54	name
55	land
56	turn
57	move
58	body
59	mind
60	reason
61	door
62	table
63	chair
64	face
65	arm
66	heart
67	ground
68	side
69	class
70	food
71	car
72	state
73	family
74	student
75	group
76	country
77	school
78	city
79	music
80	air
81	road
82	tree
83	form
84	field
85	fish
86	back
87	morning
88	voice
89	return
90	age
91	light
92	color
93	street
94	level
95	step
96	price
97	floor
98	fire
99	wall
100	paper
101	fear
102	chance
103	force
104	sense
105	energy
106	change
107	action
108	type
109	truth
110	example
111	base
112	space
113	start
114	rule
115	choice
116	health
117	figure
118	number
119	center
120	view
121	phone
122	idea
123	plan
124	history
125	town
126	office
127	body
128	culture
129	cost
130	letter
131	death
132	class
133	size
134	path
135	moment
136	voice
137	control
138	trade
139	value
140	power
141	situation
142	result
143	environment
144	condition
145	position
146	process
147	period
148	relationship
149	character
150	law
151	society
152	music
153	nature
154	blood
155	image
156	member
157	role
158	style
159	reason
160	answer
161	community
162	army
163	event
164	effect
165	property
166	love
167	development
168	education
169	plant
170	rate
171	knowledge
172	experience
173	information
174	policy
175	decision
176	technology
177	resource
178	market
179	effort
180	practice
181	society
182	science
183	government
184	network
185	challenge
186	opportunity
187	strategy
188	action
189	impact
190	goal
191	problem
192	solution
193	analysis
194	research
195	method
196	approach
197	structure
198	function
199	behavior
200	response
201	table
202	object
203	model
204	pattern
205	evidence
206	support
207	quality
208	ability
209	skill
210	effort
211	success
212	failure
213	growth
214	progress
215	movement
216	direction
217	standard
218	capacity
219	management
220	leadership
221	performance
222	production
223	operation
224	activity
225	agency
226	authority
227	institution
228	organization
229	department
230	division
231	section
232	category
233	element
234	feature
235	factor
236	dimension
237	aspect
238	source
239	origin
240	cause
241	consequence
242	outcome
243	benefit
244	risk
245	threat
246	safety
247	security
248	freedom
249	justice
250	equality
251	democracy
252	tradition
253	culture
254	heritage
255	generation
256	century
257	decade
258	season
259	spring
260	summer
261	autumn
262	winter
263	morning
264	afternoon
265	evening
266	future
267	present
268	past
269	beginning
270	middle
271	finish
272	surface
273	layer
274	edge
275	corner
276	border
277	distance
278	direction
279	speed
280	weight
281	height
282	length
283	depth
284	width
285	volume
286	temperature
287	pressure
288	strength
289	energy
290	power
291	force
292	gravity
293	motion
294	velocity
295	acceleration
296	momentum
297	tension
298	balance
299	stability
300	flexibility
301	walk
302	run
303	jump
304	climb
305	swim
306	drive
307	fly
308	ride
309	carry
310	lift
311	push
312	pull
313	throw
314	catch
315	hit
316	kick
317	shoot
318	touch
319	hold
320	drop
321	eat
322	drink
323	cook
324	wash
325	clean
326	cut
327	break
328	build
329	buy
330	sell
331	pay
332	save
333	spend
334	earn
335	grow
336	develop
337	improve
338	create
339	destroy
340	protect
341	join
342	leave
343	enter
344	arrive
345	return
346	visit
347	travel
348	move
349	stop
350	continue
351	begin
352	finish
353	open
354	close
355	start
356	lead
357	follow
358	help
359	support
360	teach
361	learn
362	understand
363	remember
364	forget
365	believe
366	think
367	know
368	feel
369	hear
370	see
371	watch
372	look
373	read
374	write
375	speak
376	say
377	tell
378	ask
379	answer
380	explain
381	describe
382	report
383	discuss
384	decide
385	choose
386	plan
387	prepare
388	manage
389	control
390	allow
391	prevent
392	cause
393	affect
394	change
395	increase
396	decrease
397	produce
398	provide
399	receive
400	send
401	beautiful
402	ugly
403	clean
404	dirty
405	bright
406	dark
407	quiet
408	noisy
409	busy
410	rich
411	poor
412	cheap
413	expensive
414	popular
415	famous
416	common
417	rare
418	healthy
419	sick
420	alive
421	dead
422	safe
423	dangerous
424	happy
425	sad
426	angry
427	afraid
428	tired
429	hungry
430	warm
431	cold
432	hot
433	sharp
434	soft
435	smooth
436	rough
437	sweet
438	bitter
439	sour
440	salty
441	heavy
442	light
443	thin
444	thick
445	tall
446	short
447	fast
448	slow
449	early
450	late
451	loud
452	gentle
453	wild
454	tame
455	brave
456	honest
457	loyal
458	curious
459	creative
460	intelligent
461	wise
462	serious
463	funny
464	strange
465	normal
466	perfect
467	terrible
468	wonderful
469	awful
470	excellent
471	simple
472	complex
473	easy
474	difficult
475	possible
476	impossible
477	necessary
478	important
479	useful
480	effective
481	physical
482	mental
483	emotional
484	moral
485	ethical
486	religious
487	political
488	social
489	economic
490	financial
491	legal
492	medical
493	technical
494	practical
495	theoretical
496	local
497	national
498	international
499	global
500	universal
501	village
502	street
503	building
504	hospital
505	church
506	hotel
507	store
508	shop
509	park
510	garden
511	farm
512	forest
513	mountain
514	river
515	ocean
516	lake
517	island
518	desert
519	valley
520	hill
521	bridge
522	airport
523	station
524	library
525	museum
526	theater
527	restaurant
528	police
529	prison
530	court
531	university
532	college
533	teacher
534	professor
535	doctor
536	nurse
537	lawyer
538	judge
539	officer
540	soldier
541	artist
542	writer
543	singer
544	player
545	actor
546	director
547	manager
548	owner
549	leader
550	president
551	minister
552	king
553	queen
554	prince
555	governor
556	senator
557	mayor
558	general
559	captain
560	income
561	profit
562	loss
563	tax
564	fund
565	budget
566	debt
567	trade
568	industry
569	product
570	investment
571	disease
572	medicine
573	treatment
574	patient
575	surgery
576	drug
577	vaccine
578	virus
579	meal
580	bread
581	meat
582	rice
583	fruit
584	vegetable
585	sugar
586	salt
587	wine
588	beer
589	coffee
590	tea
591	milk
592	oil
593	butter
594	cheese
595	egg
596	apartment
597	kitchen
598	bedroom
599	bathroom
600	window
601	desk
602	shelf
603	mirror
604	lamp
605	clock
606	computer
607	train
608	bus
609	plane
610	ship
611	bicycle
612	truck
613	motorcycle
614	taxi
615	shape
616	film
617	movie
618	language
619	text
620	message
621	article
622	machine
623	device
624	tool
625	instrument
626	equipment
627	software
628	hardware
629	database
630	server
631	website
632	revolution
633	reform
634	protest
635	demonstration
636	campaign
637	election
638	vote
639	constitution
640	parliament
641	congress
642	senate
643	assembly
644	committee
645	council
646	board
647	committee
648	territory
649	province
650	region
651	district
652	county
653	municipality
654	capital
655	empire
656	republic
657	naval
658	battalion
659	regiment
660	brigade
661	tactics
662	mission
663	target
664	objective
665	weapon
666	bomb
667	missile
668	bullet
669	rifle
670	shield
671	armor
672	fort
673	victory
674	defeat
675	battle
676	conflict
677	crisis
678	peace
679	marriage
680	wedding
681	divorce
682	romance
683	friendship
684	trust
685	birth
686	childhood
687	youth
688	adulthood
689	retirement
690	funeral
691	ceremony
692	celebration
693	festival
694	holiday
695	birthday
696	anniversary
697	graduation
698	award
699	prize
700	honor
701	athletics
702	competition
703	tournament
704	championship
705	league
706	team
707	coach
708	referee
709	football
710	basketball
711	baseball
712	tennis
713	golf
714	swimming
715	cycling
716	skiing
717	boxing
718	concert
719	performance
720	band
721	orchestra
722	choir
723	musician
724	instrument
725	melody
726	sculpture
727	drawing
728	photograph
729	exhibition
730	gallery
731	auction
732	artwork
733	novel
734	poem
735	screenplay
736	chapter
737	verse
738	paragraph
739	comedy
740	tragedy
741	drama
742	horror
743	mystery
744	thriller
745	fantasy
746	adventure
747	recipe
748	ingredient
749	flavor
750	nutrition
751	diet
752	cuisine
753	cottage
754	mansion
755	palace
756	castle
757	fortress
758	temple
759	cathedral
760	mosque
761	synagogue
762	furniture
763	decoration
764	renovation
765	construction
766	architecture
767	electricity
768	plumbing
769	heating
770	cooling
771	maintenance
772	repair
773	installation
774	highway
775	intersection
776	tunnel
777	railway
778	subway
779	ferry
780	passenger
781	navigator
782	conductor
783	mechanic
784	dispatcher
785	harvest
786	crop
787	seed
788	soil
789	fertilizer
790	irrigation
791	livestock
792	poultry
793	factory
794	assembly
795	automation
796	workforce
797	pharmacy
798	diagnosis
799	therapy
800	rehabilitation
801	prevention
802	vaccination
803	psychology
804	counseling
805	recovery
806	wellness
807	cognition
808	astronomy
809	universe
810	galaxy
811	star
812	planet
813	moon
814	comet
815	asteroid
816	orbit
817	geology
818	earthquake
819	volcano
820	erosion
821	fossil
822	mineral
823	crystal
824	ecology
825	biodiversity
826	ecosystem
827	habitat
828	species
829	population
830	predator
831	prey
832	evolution
833	adaptation
834	chemistry
835	element
836	compound
837	reaction
838	molecule
839	atom
840	bond
841	catalyst
842	algebra
843	geometry
844	calculus
845	statistics
846	probability
847	theorem
848	equation
849	formula
850	proof
851	linguistics
852	anthropology
853	sociology
854	archaeology
855	aesthetics
856	algorithm
857	protocol
858	interface
859	application
860	intelligence
861	neural
862	visualization
863	simulation
864	invention
865	hypothesis
866	paradigm
867	obstacle
868	barrier
869	resistance
870	opposition
871	complexity
872	uncertainty
873	ambiguity
874	contradiction
875	compromise
876	negotiation
877	mediation
878	arbitration
879	settlement
880	consensus
881	cooperation
882	governance
883	administration
884	coordination
885	supervision
886	mentorship
887	coaching
888	inspiration
889	imagination
890	intuition
891	insight
892	perception
893	awareness
894	consciousness
895	mindfulness
896	diversity
897	inclusion
898	equity
899	representation
900	accessibility
901	accommodation
902	sustainability
903	conservation
904	preservation
905	restoration
906	stewardship
907	accountability
908	transparency
909	integrity
910	criticism
911	evaluation
912	assessment
913	examination
914	investigation
915	inquiry
916	exploration
917	narrative
918	perspective
919	viewpoint
920	argument
921	thesis
922	reasoning
923	logic
924	conclusion
925	implication
926	transformation
927	disruption
928	resilience
929	renewal
930	regeneration
931	phenomenon
932	occurrence
933	incident
934	accident
935	episode
936	circumstance
937	context
938	characteristic
939	attribute
940	dimension
941	mechanism
942	procedure
943	technique
944	framework
945	stance
946	attitude
947	orientation
948	disposition
949	tendency
950	inclination
951	interpretation
952	conception
953	notion
954	assumption
955	significance
956	relevance
957	merit
958	worth
959	utility
960	productivity
961	interaction
962	connection
963	association
964	correlation
965	causation
966	influence
967	impact
968	boundary
969	limit
970	constraint
971	restriction
972	regulation
973	requirement
974	criterion
975	benchmark
976	potential
977	capability
978	likelihood
979	certainty
980	composition
981	arrangement
982	configuration
983	layout
984	talent
985	training
986	achievement
987	defeat
988	threat
989	agreement
990	contract
991	principle
992	humanity
993	community
994	heritage
995	climate
996	weather
997	animal
998	insect
999	parent
1000	sibling
1001	colleague
1002	neighbor
1003	citizen
1004	voter
1005	customer
1006	tourist
1007	century
1008	decade
1009	era
1010	beginning
1011	total
1012	average
1013	rate
1014	ratio
1015	percentage
1016	degree
1017	quantity
1018	series
1019	set
1020	data
1021	detail
1022	definition
1023	memory
1024	dream
1025	emotion
1026	mood
1027	opinion
1028	belief
1029	advantage
1030	reaction
1031	task
1032	duty
1033	institution
1034	foundation
1035	substance
1036	sample
1037	sound
1038	heat
1039	smoke
1040	dust
1041	dirt
1042	stone
1043	rock
1044	metal
1045	wood
1046	glass
1047	plastic
1048	rubber
1049	leather
1050	cotton
1051	silk
1052	card
1053	box
1054	bottle
1055	cup
1056	plate
1057	bowl
1058	knife
1059	fork
1060	key
1061	lock
1062	handle
1063	button
1064	switch
1065	screen
1066	lens
1067	camera
1068	battery
1069	cable
1070	soldier
1071	warrior
1072	hunter
1073	merchant
1074	sailor
1075	pilot
1076	researcher
1077	diplomat
1078	ambassador
1079	representative
1080	delegate
1081	commissioner
1082	bureaucrat
1083	rebel
1084	region
1085	sector
1086	sphere
1087	focus
1088	emphasis
1089	priority
1090	attention
1091	criterion
1092	indicator
1093	input
1094	output
1095	schedule
1096	timeline
1097	weakness
1098	trend
1099	frequency
1100	selection
1101	passage
1102	excerpt
1103	summary
1104	abstract
1105	introduction
1106	recommendation
1107	suggestion
1108	proposal
1109	objection
1110	reference
1111	citation
1112	observation
1113	finding
1114	scenario
1115	alternative
1116	topic
1117	theme
1118	domain
1119	background
1120	purpose
1121	scope
1122	range
1123	scale
1124	resolution
1125	modification
1126	adjustment
1127	variation
1128	comparison
1129	contrast
1130	transition
1131	application
1132	implementation
1133	execution
1134	delivery
1135	completion
1136	demonstration
1137	representation
1138	measurement
1139	estimation
1140	projection
1141	prediction
1142	forecast
1143	calculation
1144	determination
1145	identification
1146	classification
1147	specification
1148	documentation
1149	configuration
1150	optimization
1151	generation
1152	transformation
1153	integration
1154	separation
1155	combination
1156	distribution
1157	collection
1158	selection
1159	allocation
1160	assignment
1161	delegation
1162	coordination
1163	communication
1164	collaboration
1165	partnership
1166	association
1167	affiliation
1168	membership
1169	participation
1170	contribution
1171	investment
1172	commitment
1173	obligation
1174	accountability
1175	responsibility
1176	authorization
1177	permission
1178	approval
1179	confirmation
1180	verification
1181	validation
1182	certification
1183	accreditation
1184	recognition
1185	acknowledgment
1186	appreciation
1187	gratitude
1188	respect
1189	admiration
1190	compassion
1191	empathy
1192	sympathy
1193	solidarity
1194	unity
1195	harmony
1196	prosperity
1197	abundance
1198	scarcity
1199	shortage
1200	surplus
1201	supply
1202	demand
1203	production
1204	consumption
1205	distribution
1206	export
1207	import
1208	exchange
1209	transaction
1210	payment
1211	revenue
1212	expenditure
1213	allocation
1214	subsidy
1215	grant
1216	loan
1217	mortgage
1218	insurance
1219	pension
1220	savings
1221	account
1222	deposit
1223	withdrawal
1224	dividend
1225	interest
1226	inflation
1227	deflation
1228	recession
1229	expansion
1230	recovery
1231	stability
1232	volatility
1233	liquidity
1234	bankruptcy
1235	merger
1236	acquisition
1237	partnership
1238	venture
1239	startup
1240	entrepreneur
1241	innovation
1242	disruption
1243	prototype
1244	iteration
1245	feedback
1246	improvement
1247	optimization
1248	efficiency
1249	effectiveness
1250	productivity
1251	capability
1252	competency
1253	expertise
1254	proficiency
1255	mastery
1256	excellence
1257	achievement
1258	accomplishment
1259	milestone
1260	deadline
1261	timeline
1262	roadmap
1263	strategy
1264	initiative
1265	objective
1266	outcome
1267	metric
1268	benchmark
1269	evaluation
1270	measurement
1271	assessment
1272	report
1273	analysis
1274	audit
1275	review
1276	inspection
1277	monitoring
1278	tracking
1279	observation
1280	recording
1281	documentation
1282	reporting
1283	disclosure
1284	transparency
1285	accountability
1286	governance
1287	compliance
1288	regulation
1289	enforcement
1290	prosecution
1291	litigation
1292	settlement
1293	arbitration
1294	jurisdiction
1295	legislation
1296	statute
1297	ordinance
1298	amendment
1299	constitution
1300	treaty
1301	alliance
1302	coalition
1303	federation
1304	union
1305	cooperation
1306	rivalry
1307	competition
1308	conflict
1309	dispute
1310	tension
1311	negotiation
1312	mediation
1313	resolution
1314	compromise
1315	agreement
1316	consensus
1317	collaboration
1318	partnership
1319	delegation
1320	representation
1321	mandate
1322	authority
1323	power
1324	influence
1325	leverage
1326	advantage
1327	dominance
1328	supremacy
1329	sovereignty
1330	autonomy
1331	independence
1332	liberation
1333	emancipation
1334	oppression
1335	suppression
1336	censorship
1337	propaganda
1338	ideology
1339	doctrine
1340	principle
1341	philosophy
1342	theory
1343	concept
1344	hypothesis
1345	axiom
1346	premise
1347	inference
1348	deduction
1349	induction
1350	reasoning
1351	judgment
1352	verdict
1353	decision
1354	determination
1355	conclusion
1356	resolution
1357	solution
1358	innovation
1359	invention
1360	discovery
1361	exploration
1362	experiment
1363	observation
1364	measurement
1365	analysis
1366	synthesis
1367	evaluation
1368	interpretation
1369	explanation
1370	description
1371	definition
1372	classification
1373	categorization
1374	organization
1375	arrangement
1376	structure
1377	pattern
1378	design
1379	blueprint
1380	framework
1381	methodology
1382	approach
1383	technique
1384	procedure
1385	process
1386	system
1387	model
1388	simulation
1389	prototype
1390	experiment
1391	trial
1392	error
1393	correction
1394	adjustment
1395	refinement
1396	revision
1397	modification
1398	update
1399	upgrade
1400	enhancement
1401	extension
1402	expansion
1403	growth
1404	development
1405	progress
1406	advancement
1407	improvement
1408	transformation
1409	revolution
1410	evolution
1411	adaptation
1412	innovation
1413	disruption
1414	change
1415	transition
1416	migration
1417	shift
1418	movement
1419	direction
1420	orientation
1421	alignment
1422	positioning
1423	placement
1424	location
1425	destination
1426	journey
1427	path
1428	route
1429	navigation
1430	exploration
1431	expedition
1432	mission
1433	quest
1434	adventure
1435	discovery
1436	encounter
1437	experience
1438	interaction
1439	engagement
1440	relationship
1441	connection
1442	bond
1443	attachment
1444	dependence
1445	independence
1446	collaboration
1447	cooperation
1448	competition
1449	rivalry
1450	conflict
1451	resolution
1452	harmony
1453	balance
1454	integration
1455	separation
1456	division
1457	unity
1458	solidarity
1459	community
1460	society
1461	culture
1462	civilization
1463	tradition
1464	heritage
1465	custom
1466	ritual
1467	ceremony
1468	symbol
1469	meaning
1470	value
1471	belief
1472	faith
1473	religion
1474	spirituality
1475	morality
1476	ethics
1477	virtue
1478	vice
1479	sin
1480	redemption
1481	salvation
1482	judgment
1483	mercy
1484	justice
1485	punishment
1486	reward
1487	karma
1488	destiny
1489	fate
1490	chance
1491	luck
1492	fortune
1493	misfortune
1494	success
1495	failure
1496	achievement
1497	accomplishment
1498	recognition
1499	praise
1500	criticism
1501	feedback
1502	suggestion
1503	recommendation
1504	advice
1505	guidance
1506	mentorship
1507	coaching
1508	training
1509	education
1510	learning
1511	teaching
1512	instruction
1513	curriculum
1514	syllabus
1515	lesson
1516	lecture
1517	seminar
1518	workshop
1519	conference
1520	symposium
1521	presentation
1522	demonstration
1523	exhibition
1524	performance
1525	competition
1526	tournament
1527	championship
1528	trophy
1529	medal
1530	certificate
1531	diploma
1532	degree
1533	qualification
1534	credential
1535	license
1536	permit
1537	passport
1538	visa
1539	citizenship
1540	nationality
1541	identity
1542	personality
1543	character
1544	reputation
1545	integrity
1546	honesty
1547	loyalty
1548	courage
1549	wisdom
1550	knowledge
1551	intelligence
1552	creativity
1553	imagination
1554	innovation
1555	invention
1556	discovery
1557	research
1558	study
1559	analysis
1560	synthesis
1561	evaluation
1562	assessment
1563	review
1564	audit
1565	inspection
1566	investigation
1567	inquiry
1568	survey
1569	interview
1570	questionnaire
1571	database
1572	archive
1573	repository
1574	library
1575	collection
1576	catalog
1577	index
1578	glossary
1579	dictionary
1580	encyclopedia
1581	handbook
1582	manual
1583	guide
1584	tutorial
1585	instruction
1586	documentation
1587	specification
1588	requirement
1589	constraint
1590	limitation
1591	restriction
1592	boundary
1593	threshold
1594	capacity
1595	capability
1596	potential
1597	possibility
1598	probability
1599	likelihood
1600	certainty
1601	uncertainty
1602	ambiguity
1603	complexity
1604	difficulty
1605	challenge
1606	obstacle
1607	barrier
1608	resistance
1609	opposition
1610	criticism
1611	objection
1612	concern
1613	issue
1614	problem
1615	complication
1616	dilemma
1617	paradox
1618	contradiction
1619	conflict
1620	tension
1621	dispute
1622	debate
1623	controversy
1624	disagreement
1625	argument
1626	discussion
1627	dialogue
1628	conversation
1629	communication
1630	exchange
1631	interaction
1632	engagement
1633	participation
1634	involvement
1635	contribution
1636	commitment
1637	dedication
1638	passion
1639	enthusiasm
1640	motivation
1641	inspiration
1642	aspiration
1643	ambition
1644	goal
1645	objective
1646	target
1647	aim
1648	purpose
1649	intention
1650	vision
1651	mission
1652	strategy
1653	plan
1654	approach
1655	method
1656	technique
1657	process
1658	system
1659	framework
1660	model
1661	theory
1662	concept
1663	idea
1664	thought
1665	insight
1666	perspective
1667	viewpoint
1668	opinion
1669	belief
1670	conviction
1671	attitude
1672	mindset
1673	approach
1674	philosophy
1675	ideology
1676	doctrine
1677	principle
1678	value
1679	standard
1680	norm
1681	expectation
1682	assumption
1683	presumption
1684	bias
1685	prejudice
1686	stereotype
1687	discrimination
1688	exclusion
1689	inclusion
1690	diversity
1691	equity
1692	fairness
1693	transparency
1694	accountability
1695	responsibility
1696	obligation
1697	commitment
1698	promise
1699	guarantee
1700	assurance
1701	confidence
1702	trust
1703	faith
1704	loyalty
1705	devotion
1706	dedication
1707	sacrifice
1708	contribution
1709	generosity
1710	kindness
1711	compassion
1712	empathy
1713	sympathy
1714	support
1715	encouragement
1716	motivation
1717	inspiration
1718	leadership
1719	management
1720	governance
1721	administration
1722	organization
1723	coordination
1724	planning
1725	execution
1726	delivery
1727	performance
1728	productivity
1729	efficiency
1730	effectiveness
1731	quality
1732	excellence
1733	improvement
1734	innovation
1735	transformation
1736	disruption
1737	adaptation
1738	resilience
1739	recovery
1740	sustainability
1741	growth
1742	expansion
1743	development
1744	progress
1745	advancement
1746	achievement
1747	success
1748	recognition
1749	celebration
1750	appreciation
1751	gratitude
1752	respect
1753	honor
1754	dignity
1755	integrity
1756	authenticity
1757	uniqueness
1758	diversity
1759	creativity
1760	expression
1761	communication
1762	connection
1763	relationship
1764	community
1765	belonging
1766	inclusion
1767	acceptance
1768	tolerance
1769	understanding
1770	empathy
1771	compassion
1772	kindness
1773	love
1774	friendship
1775	partnership
1776	collaboration
1777	teamwork
1778	cooperation
1779	unity
1780	solidarity
1781	harmony
1782	peace
1783	justice
1784	equality
1785	freedom
1786	democracy
1787	liberty
1788	sovereignty
1789	independence
1790	autonomy
1791	self-determination
1792	governance
1793	accountability
1794	transparency
1795	integrity
1796	trust
1797	reliability
1798	consistency
1799	predictability
1800	stability
1801	security
1802	safety
1803	protection
1804	preservation
1805	conservation
1806	sustainability
1807	regeneration
1808	renewal
1809	restoration
1810	healing
1811	recovery
1812	resilience
1813	adaptation
1814	evolution
1815	transformation
1816	revolution
1817	liberation
1818	empowerment
1819	emancipation
1820	opportunity
1821	potential
1822	possibility
1823	imagination
1824	creativity
1825	innovation
1826	invention
1827	discovery
1828	exploration
1829	adventure
1830	journey
1831	experience
1832	wisdom
1833	knowledge
1834	understanding
1835	insight
1836	awareness
1837	consciousness
1838	enlightenment
1839	clarity
1840	vision
1841	perspective
1842	horizon
1843	future
1844	hope
1845	aspiration
1846	dream
1847	ambition
1848	determination
1849	perseverance
1850	courage
1851	bravery
1852	strength
1853	resilience
1854	endurance
1855	patience
1856	discipline
1857	focus
1858	concentration
1859	dedication
1860	commitment
1861	passion
1862	enthusiasm
1863	energy
1864	vitality
1865	wellbeing
1866	happiness
1867	joy
1868	satisfaction
1869	fulfillment
1870	purpose
1871	meaning
1872	value
1873	connection
1874	belonging
1875	acceptance
1876	recognition
1877	appreciation
1878	gratitude
1879	love
1880	compassion
1881	generosity
1882	kindness
1883	service
1884	contribution
1885	impact
1886	legacy
1887	influence
1888	leadership
1889	inspiration
1890	mentorship
1891	guidance
1892	support
1893	encouragement
1894	coaching
1895	teaching
1896	learning
1897	growth
1898	development
1899	transformation
1900	change
1901	action
1902	initiative
1903	innovation
1904	progress
1905	improvement
1906	excellence
1907	quality
1908	standard
1909	integrity
1910	accountability
1911	responsibility
1912	commitment
1913	discipline
1914	professionalism
1915	expertise
1916	competence
1917	skill
1918	talent
1919	ability
1920	capability
1921	potential
1922	performance
1923	achievement
1924	success
1925	accomplishment
1926	recognition
1927	reward
1928	satisfaction
1929	fulfillment
1930	happiness
1931	wellbeing
1932	health
1933	vitality
1934	energy
1935	balance
1936	harmony
1937	peace
1938	clarity
1939	focus
1940	direction
1941	purpose
1942	meaning
1943	vision
1944	mission
1945	strategy
1946	plan
1947	execution
1948	delivery
1949	outcome
1950	result
1951	impact
1952	value
1953	benefit
1954	return
1955	investment
1956	growth
1957	profit
1958	revenue
1959	cost
1960	efficiency
1961	productivity
1962	performance
1963	quality
1964	reliability
1965	consistency
1966	scalability
1967	flexibility
1968	adaptability
1969	responsiveness
1970	innovation
1971	agility
1972	resilience
1973	sustainability
1974	responsibility
1975	transparency
1976	accountability
1977	governance
1978	compliance
1979	security
1980	privacy
1981	ethics
1982	fairness
1983	diversity
1984	inclusion
1985	equity
1986	accessibility
1987	usability
1988	experience
1989	satisfaction
1990	engagement
1991	loyalty
1992	retention
1993	acquisition
1994	conversion
1995	optimization
1996	automation
1997	digitization
1998	transformation
1999	disruption
2000	platform
2001	ecosystem
2002	marketplace
2003	community
2004	network
2005	partnership
2006	collaboration
2007	integration
2008	synchronization
2009	orchestration
2010	deployment
2011	infrastructure
2012	architecture
2013	scalability
2014	reliability
2015	availability
2016	performance
2017	monitoring
2018	alerting
2019	logging
2020	debugging
2021	testing
2022	validation
2023	verification
2024	certification
2025	accreditation
2026	compliance
2027	governance
2028	audit
2029	review
2030	assessment
2031	evaluation
2032	measurement
2033	metric
2034	indicator
2035	benchmark
2036	baseline
2037	threshold
2038	target
2039	goal
2040	objective
2041	priority
2042	initiative
2043	project
2044	program
2045	portfolio
2046	roadmap
2047	milestone
2048	deliverable
2049	requirement
2050	specification
2051	constraint
2052	dependency
2053	assumption
2054	risk
2055	issue
2056	change
2057	request
2058	approval
2059	decision
2060	escalation
2061	resolution
2062	closure
2063	lesson
2064	retrospective
2065	improvement
2066	feedback
2067	iteration
2068	sprint
2069	backlog
2070	kanban
2071	workflow
2072	process
2073	procedure
2074	policy
2075	guideline
2076	standard
2077	framework
2078	methodology
2079	practice
2080	pattern
2081	principle
2082	value
2083	culture
2084	behavior
2085	attitude
2086	mindset
2087	belief
2088	assumption
2089	bias
2090	perspective
2091	viewpoint
2092	opinion
2093	judgment
2094	decision
2095	choice
2096	option
2097	alternative
2098	trade-off
2099	priority
2100	balance
2101	harmony
2102	alignment
2103	integration
2104	collaboration
2105	communication
2106	coordination
2107	delegation
2108	empowerment
2109	accountability
2110	ownership
2111	engagement
2112	motivation
2113	inspiration
2114	recognition
2115	reward
2116	appreciation
2117	feedback
2118	coaching
2119	mentoring
2120	development
2121	learning
2122	growth
2123	transformation
2124	innovation
2125	creativity
2126	experimentation
2127	failure
2128	learning
2129	iteration
2130	improvement
2131	excellence
2132	mastery
2133	expertise
2134	proficiency
2135	competence
2136	capability
2137	capacity
2138	potential
2139	talent
2140	skill
2141	knowledge
2142	experience
2143	wisdom
2144	insight
2145	awareness
2146	empathy
2147	compassion
2148	kindness
2149	generosity
2150	gratitude
2151	respect
2152	dignity
2153	integrity
2154	authenticity
2155	vulnerability
2156	courage
2157	bravery
2158	persistence
2159	determination
2160	resilience
2161	adaptability
2162	flexibility
2163	agility
2164	creativity
2165	curiosity
2166	openness
2167	diversity
2168	inclusion
2169	belonging
2170	connection
2171	community
2172	relationship
2173	trust
2174	loyalty
2175	commitment
2176	dedication
2177	passion
2178	purpose
2179	meaning
2180	fulfillment
2181	happiness
2182	joy
2183	peace
2184	harmony
2185	love
2186	compassion
2187	humanity
2188	civilization
2189	progress
2190	evolution
2191	transformation
2192	revolution
2193	renaissance
2194	enlightenment
2195	awakening
2196	discovery
2197	exploration
2198	adventure
2199	journey
2200	quest
2201	mission
2202	vision
2203	dream
2204	hope
2205	aspiration
2206	ambition
2207	determination
2208	courage
2209	strength
2210	wisdom
2211	knowledge
2212	understanding
2213	clarity
2214	focus
2215	direction
2216	purpose
2217	meaning
2218	connection
2219	belonging
2220	acceptance
2221	recognition
2222	celebration
2223	gratitude
2224	appreciation
2225	love
2226	friendship
2227	partnership
2228	collaboration
2229	unity
2230	solidarity
2231	harmony
2232	peace
2233	justice
2234	equality
2235	freedom
2236	democracy
2237	liberty
2238	prosperity
2239	abundance
2240	sustainability
2241	regeneration
2242	healing
2243	restoration
2244	renewal
2245	rebirth
2246	transformation
2247	evolution
2248	progress
2249	innovation
2250	invention
2251	discovery
2252	creation
2253	expression
2254	communication
2255	connection
2256	community
2257	society
2258	civilization
2259	heritage
2260	tradition
2261	culture
2262	identity
2263	diversity
2264	inclusion
2265	equity
2266	fairness
2267	justice
2268	truth
2269	honesty
2270	integrity
2271	authenticity
2272	transparency
2273	accountability
2274	responsibility
2275	leadership
2276	governance
2277	management
2278	administration
2279	organization
2280	coordination
2281	planning
2282	strategy
2283	execution
2284	delivery
2285	performance
2286	excellence
2287	quality
2288	reliability
2289	consistency
2290	sustainability
2291	responsibility
2292	accountability
2293	transparency
2294	integrity
2295	trust
2296	partnership
2297	collaboration
2298	innovation
2299	transformation
2300	progress
2301	flower
2302	garden
2303	landscape
2304	environment
2305	habitat
2306	ecosystem
2307	biodiversity
2308	wilderness
2309	jungle
2310	savanna
2311	tundra
2312	glacier
2313	iceberg
2314	continent
2315	peninsula
2316	strait
2317	harbor
2318	cliff
2319	canyon
2320	plateau
2321	dune
2322	marsh
2323	swamp
2324	reef
2325	lagoon
2326	brook
2327	creek
2328	stream
2329	waterfall
2330	geyser
2331	spring
2332	fountain
2333	dam
2334	reservoir
2335	pipeline
2336	canal
2337	channel
2338	bay
2339	gulf
2340	cape
2341	lighthouse
2342	harbor
2343	pier
2344	dock
2345	quay
2346	marina
2347	vessel
2348	submarine
2349	aircraft
2350	spacecraft
2351	satellite
2352	telescope
2353	microscope
2354	laboratory
2355	observatory
2356	experiment
2357	measurement
2358	instrument
2359	sensor
2360	detector
2361	transmitter
2362	receiver
2363	antenna
2364	signal
2365	frequency
2366	wavelength
2367	amplitude
2368	spectrum
2369	radiation
2370	emission
2371	absorption
2372	reflection
2373	refraction
2374	diffraction
2375	interference
2376	resonance
2377	oscillation
2378	vibration
2379	rotation
2380	revolution
2381	translation
2382	transformation
2383	conversion
2384	transition
2385	phase
2386	state
2387	matter
2388	particle
2389	quantum
2390	electron
2391	proton
2392	neutron
2393	nucleus
2394	photon
2395	neutrino
2396	quark
2397	boson
2398	fermion
2399	plasma
2400	gas
2401	liquid
2402	solid
2403	crystal
2404	polymer
2405	semiconductor
2406	conductor
2407	insulator
2408	magnet
2409	field
2410	charge
2411	current
2412	voltage
2413	resistance
2414	capacitance
2415	inductance
2416	impedance
2417	frequency
2418	wavelength
2419	bandwidth
2420	spectrum
2421	amplitude
2422	phase
2423	modulation
2424	demodulation
2425	encoding
2426	decoding
2427	encryption
2428	decryption
2429	compression
2430	decompression
2431	transmission
2432	reception
2433	broadcasting
2434	streaming
2435	downloading
2436	uploading
2437	processing
2438	computing
2439	programming
2440	coding
2441	debugging
2442	testing
2443	deployment
2444	monitoring
2445	maintenance
2446	optimization
2447	automation
2448	integration
2449	migration
2450	backup
2451	recovery
2452	security
2453	authentication
2454	authorization
2455	encryption
2456	firewall
2457	vulnerability
2458	penetration
2459	exploit
2460	patch
2461	update
2462	version
2463	release
2464	changelog
2465	documentation
2466	specification
2467	requirement
2468	design
2469	prototype
2470	mockup
2471	wireframe
2472	layout
2473	typography
2474	color
2475	contrast
2476	spacing
2477	margin
2478	padding
2479	border
2480	shadow
2481	animation
2482	transition
2483	interaction
2484	navigation
2485	accessibility
2486	usability
2487	responsiveness
2488	performance
2489	scalability
2490	maintainability
2491	readability
2492	clarity
2493	simplicity
2494	elegance
2495	beauty
2496	aesthetics
2497	style
2498	fashion
2499	trend
2500	movement
2501	painting
2502	sculpture
2503	architecture
2504	literature
2505	poetry
2506	drama
2507	fiction
2508	biography
2509	autobiography
2510	memoir
2511	journal
2512	diary
2513	essay
2514	critique
2515	analysis
2516	commentary
2517	interpretation
2518	translation
2519	adaptation
2520	remake
2521	sequel
2522	prequel
2523	series
2524	episode
2525	season
2526	premiere
2527	finale
2528	documentary
2529	interview
2530	profile
2531	portrait
2532	landscape
2533	still life
2534	abstract
2535	realism
2536	impressionism
2537	modernism
2538	postmodernism
2539	surrealism
2540	expressionism
2541	cubism
2542	futurism
2543	romanticism
2544	classicism
2545	baroque
2546	renaissance
2547	medieval
2548	ancient
2549	prehistoric
2550	archaeological
2551	anthropological
2552	sociological
2553	psychological
2554	philosophical
2555	theological
2556	metaphysical
2557	epistemological
2558	ontological
2559	empirical
2560	rational
2561	intuitive
2562	subjective
2563	objective
2564	qualitative
2565	quantitative
2566	descriptive
2567	analytical
2568	critical
2569	creative
2570	innovative
2571	transformative
2572	revolutionary
2573	evolutionary
2574	progressive
2575	conservative
2576	radical
2577	moderate
2578	liberal
2579	democratic
2580	authoritarian
2581	totalitarian
2582	monarchic
2583	oligarchic
2584	aristocratic
2585	plutocratic
2586	technocratic
2587	bureaucratic
2588	meritocratic
2589	egalitarian
2590	hierarchical
2591	decentralized
2592	centralized
2593	distributed
2594	federated
2595	unified
2596	sovereign
2597	autonomous
2598	independent
2599	dependent
2600	interdependent
2601	courage
2602	patience
2603	tolerance
2604	acceptance
2605	forgiveness
2606	reconciliation
2607	healing
2608	restoration
2609	renewal
2610	transformation
2611	growth
2612	development
2613	progress
2614	achievement
2615	success
2616	excellence
2617	mastery
2618	wisdom
2619	understanding
2620	insight
2621	awareness
2622	enlightenment
2623	consciousness
2624	mindfulness
2625	presence
2626	attention
2627	focus
2628	clarity
2629	intention
2630	purpose
2631	meaning
2632	significance
2633	relevance
2634	importance
2635	priority
2636	urgency
2637	necessity
2638	requirement
2639	obligation
2640	duty
2641	responsibility
2642	accountability
2643	transparency
2644	honesty
2645	integrity
2646	authenticity
2647	vulnerability
2648	courage
2649	bravery
2650	resilience
2651	perseverance
2652	determination
2653	commitment
2654	dedication
2655	passion
2656	enthusiasm
2657	motivation
2658	inspiration
2659	aspiration
2660	ambition
2661	vision
2662	mission
2663	strategy
2664	planning
2665	execution
2666	delivery
2667	performance
2668	measurement
2669	evaluation
2670	improvement
2671	optimization
2672	innovation
2673	disruption
2674	transformation
2675	evolution
2676	revolution
2677	renaissance
2678	revival
2679	restoration
2680	preservation
2681	conservation
2682	sustainability
2683	regeneration
2684	renewal
2685	healing
2686	recovery
2687	resilience
2688	adaptation
2689	flexibility
2690	agility
2691	responsiveness
2692	creativity
2693	imagination
2694	exploration
2695	experimentation
2696	learning
2697	growth
2698	development
2699	progress
2700	advancement
2701	contribution
2702	participation
2703	engagement
2704	involvement
2705	collaboration
2706	partnership
2707	teamwork
2708	cooperation
2709	coordination
2710	communication
2711	connection
2712	relationship
2713	community
2714	belonging
2715	inclusion
2716	diversity
2717	equity
2718	fairness
2719	justice
2720	equality
2721	freedom
2722	liberty
2723	democracy
2724	peace
2725	harmony
2726	prosperity
2727	abundance
2728	happiness
2729	joy
2730	fulfillment
2731	satisfaction
2732	wellbeing
2733	health
2734	vitality
2735	energy
2736	strength
2737	endurance
2738	stamina
2739	fitness
2740	nutrition
2741	hydration
2742	sleep
2743	rest
2744	relaxation
2745	recreation
2746	leisure
2747	entertainment
2748	enjoyment
2749	pleasure
2750	delight
2751	excitement
2752	adventure
2753	exploration
2754	discovery
2755	wonder
2756	curiosity
2757	inquiry
2758	investigation
2759	research
2760	knowledge
2761	information
2762	insight
2763	understanding
2764	wisdom
2765	expertise
2766	experience
2767	skill
2768	ability
2769	talent
2770	potential
2771	capability
2772	competence
2773	proficiency
2774	mastery
2775	excellence
2776	quality
2777	standard
2778	benchmark
2779	criterion
2780	measure
2781	indicator
2782	metric
2783	assessment
2784	evaluation
2785	review
2786	feedback
2787	improvement
2788	change
2789	transformation
2790	innovation
2791	progress
2792	advancement
2793	achievement
2794	success
2795	accomplishment
2796	milestone
2797	breakthrough
2798	discovery
2799	invention
2800	creation
2801	expression
2802	communication
2803	narrative
2804	story
2805	message
2806	meaning
2807	interpretation
2808	understanding
2809	perspective
2810	viewpoint
2811	opinion
2812	belief
2813	value
2814	principle
2815	conviction
2816	commitment
2817	dedication
2818	loyalty
2819	trust
2820	reliability
2821	consistency
2822	predictability
2823	stability
2824	continuity
2825	permanence
2826	change
2827	transformation
2828	evolution
2829	adaptation
2830	innovation
2831	disruption
2832	revolution
2833	renewal
2834	regeneration
2835	rebirth
2836	resurgence
2837	revival
2838	renaissance
2839	renaissance
2840	enlightenment
2841	awakening
2842	consciousness
2843	awareness
2844	mindfulness
2845	presence
2846	attention
2847	focus
2848	clarity
2849	simplicity
2850	complexity
2851	balance
2852	harmony
2853	integration
2854	wholeness
2855	completeness
2856	perfection
2857	excellence
2858	beauty
2859	truth
2860	goodness
2861	virtue
2862	wisdom
2863	love
2864	compassion
2865	kindness
2866	generosity
2867	gratitude
2868	joy
2869	peace
2870	freedom
2871	justice
2872	equality
2873	dignity
2874	respect
2875	honor
2876	integrity
2877	authenticity
2878	courage
2879	strength
2880	resilience
2881	hope
2882	faith
2883	grace
2884	mercy
2885	forgiveness
2886	reconciliation
2887	healing
2888	wholeness
2889	transformation
2890	transcendence
2891	enlightenment
2892	liberation
2893	fulfillment
2894	realization
2895	actualization
2896	manifestation
2897	achievement
2898	success
2899	excellence
2900	mastery
2901	service
2902	contribution
2903	purpose
2904	meaning
2905	significance
2906	impact
2907	legacy
2908	influence
2909	leadership
2910	vision
2911	mission
2912	action
2913	commitment
2914	perseverance
2915	determination
2916	resilience
2917	adaptability
2918	flexibility
2919	agility
2920	creativity
2921	innovation
2922	collaboration
2923	community
2924	connection
2925	belonging
2926	acceptance
2927	inclusion
2928	diversity
2929	equity
2930	fairness
2931	harmony
2932	unity
2933	solidarity
2934	cooperation
2935	partnership
2936	teamwork
2937	engagement
2938	participation
2939	contribution
2940	investment
2941	commitment
2942	responsibility
2943	accountability
2944	transparency
2945	integrity
2946	trust
2947	reliability
2948	consistency
2949	sustainability
2950	prosperity
2951	abundance
2952	wellbeing
2953	happiness
2954	flourishing
2955	thriving
2956	growth
2957	development
2958	progress
2959	advancement
2960	evolution
2961	transformation
2962	renaissance
2963	renewal
2964	restoration
2965	healing
2966	regeneration
2967	rebirth
2968	emergence
2969	manifestation
2970	realization
2971	actualization
2972	fulfillment
2973	completion
2974	wholeness
2975	integration
2976	harmony
2977	balance
2978	peace
2979	joy
2980	love
2981	compassion
2982	wisdom
2983	understanding
2984	clarity
2985	insight
2986	awareness
2987	consciousness
2988	presence
2989	mindfulness
2990	attention
2991	intention
2992	purpose
2993	meaning
2994	direction
2995	focus
2996	commitment
2997	dedication
2998	passion
2999	excellence
3000	mastery
